<?xml version="1.0" encoding="UTF-8"?>
<beans xmlns="http://www.springframework.org/schema/beans"
	xmlns:xsi="http://www.w3.org/2001/XMLSchema-instance" 
	xmlns:aop="http://www.springframework.org/schema/aop"
	xmlns:context="http://www.springframework.org/schema/context"
	xmlns:mvc="http://www.springframework.org/schema/mvc"
	xsi:schemaLocation="http://www.springframework.org/schema/beans 
	   		http://www.springframework.org/schema/beans/spring-beans-3.0.xsd
	   		http://www.springframework.org/schema/context
	   		http://www.springframework.org/schema/context/spring-context-3.0.xsd
			http://www.springframework.org/schema/mvc 
			http://www.springframework.org/schema/mvc/spring-mvc-3.0.xsd
	        http://www.springframework.org/schema/aop 
	        http://www.springframework.org/schema/aop/spring-aop-3.0.xsd ">
			
<!-- 	<import resource="jasper-views.xml" /> -->
<!--       <aop:aspectj-autoproxy /> -->
<!-- <bean id="userService" class="com.netsole.springmvc.example.service.impl.UserServicesImpl" /> -->

<!-- spring aop advice section -->
<!-- 	<bean id="interceptUserService" class="com.netsole.springmvc.example.aop.UserServiceBeforeAdvice" /> -->
<!-- 	<bean id="userServiceProxy" class="org.springframework.aop.framework.ProxyFactoryBean"> -->
<!-- 		<property name="target" ref="userService" /> -->
<!-- 		<property name="interceptorNames"> -->
<!-- 			<list> -->
<!-- 				<value>interceptUserService</value> -->
<!-- 			</list> -->
<!-- 		</property> -->
<!-- 	</bean> -->
 

</beans>
