<?xml version="1.0" encoding="UTF-8"?>
<beans xmlns="http://www.springframework.org/schema/beans"
     xmlns:xsi="http://www.w3.org/2001/XMLSchema-instance"
     xmlns:aop="http://www.springframework.org/schema/aop"
     xmlns:tx="http://www.springframework.org/schema/tx"
     xsi:schemaLocation="
     http://www.springframework.org/schema/beans 
     http://www.springframework.org/schema/beans/spring-beans-3.0.xsd
     http://www.springframework.org/schema/tx
     http://www.springframework.org/schema/tx/spring-tx-3.0.xsd
     http://www.springframework.org/schema/aop 
     http://www.springframework.org/schema/aop/spring-aop-3.0.xsd">
 
   
   <tx:annotation-driven/>
   <bean id="propertyConfigurer" class="org.springframework.beans.factory.config.PropertyPlaceholderConfigurer">
        <property name="locations">
            <list>
                <value>/WEB-INF/classes/jdbc.properties</value>
            </list>
        </property>
    </bean>

<!--      <bean id="sessionFactory"  class="org.springframework.orm.hibernate3.LocalSessionFactoryBean"> -->
<!-- 		<property name="dataSource" ><ref bean="dataSource" /></property> -->
<!-- 		<property name="hibernateProperties"><ref local="hibernateProperties" /></property> -->
<!-- 		<property name="mappingDirectoryLocations"> -->
<!-- 			<list> -->
<!-- 				<value> -->
<!-- 					classpath:hibernate/ -->
<!-- 				</value> -->
<!-- 			</list> -->
<!-- 		</property> -->
<!-- 		<property name="annotatedClasses"> -->
<!-- 	    <list> -->
<!-- 		<value>com.netsole.springmvc.example.modal.Users</value> -->
<!-- 	          </list> -->
<!--     </property> -->
<!--       </bean>  -->


<bean id="sessionFactory" class="org.springframework.orm.hibernate3.annotation.AnnotationSessionFactoryBean">
 
    <property name="dataSource"><ref bean="dataSource"/></property>
    <property name="hibernateProperties"><ref local="hibernateProperties" /></property> 
 
    <property name="packagesToScan">
	<list>
		<value>com.netsole.springmvc.example.modal</value>
	</list>
    </property>
<!-- <property name="annotatedClasses"> -->
<!-- 	<list> -->
<!-- 		<value>com.netsole.springmvc.example.modal.Users</value> -->
<!-- 	</list> -->
<!--     </property> -->
 
    </bean>
 

      
   <bean id="dataSource"   class="org.springframework.jdbc.datasource.DriverManagerDataSource">
        <property name="driverClassName"  value="${jdbc.driverClassName}"></property>
        <property name="url" value="${redstate.master.jdbc.url}">  </property>
        <property name="username" value="${redstate.master.jdbc.username}"></property>
        <property name="password" value="${redstate.master.jdbc.password}"></property>
    </bean>
    <bean id="hibernateProperties" class="org.springframework.beans.factory.config.PropertiesFactoryBean"> 
           <property name="properties"> 
                <props>
				    <prop key="hibernate.dialect">${hibernate.dialect}</prop>
				    <prop key="hibernate.show_sql">false</prop>
				    <prop key="hibernate.c3p0.minPoolSize">50</prop>
    				<prop key="hibernate.c3p0.maxPoolSize">400</prop>
    				<prop key="hibernate.timeout">1800</prop>
    				<prop key="hibernate.jdbc.batch_size">20</prop> 
			      </props>
              </property> 
      </bean> 
      
         <bean id="transactionManager" class="org.springframework.orm.hibernate3.HibernateTransactionManager">
        <property name="sessionFactory" ref="sessionFactory"/>
   		 </bean>
      
      </beans>