<?xml version="1.0" encoding="UTF-8"?>
         
 <beans:beans xmlns="http://www.springframework.org/schema/security"
	xmlns:beans="http://www.springframework.org/schema/beans" xmlns:oauth="http://www.springframework.org/schema/security/oauth"
	xmlns:xsi="http://www.w3.org/2001/XMLSchema-instance"
	xsi:schemaLocation="http://www.springframework.org/schema/beans http://www.springframework.org/schema/beans/spring-beans-3.0.xsd
                          http://www.springframework.org/schema/security http://www.springframework.org/schema/security/spring-security-3.0.xsd  
                        http://www.springframework.org/schema/security/oauth http://www.springframework.org/schema/security/spring-security-oauth.xsd ">  


           
 			<http use-expressions="true" auto-config="true" disable-url-rewriting="true"     >
 		        <intercept-url pattern="/static/assets/**"  filters="none"  /> 
 		        <intercept-url pattern="/push_activity_info"  filters="none" /> 
 		        <intercept-url pattern="/activityinfo"  filters="none" /> 
       		    <intercept-url pattern="/sucess" access="hasRole('user')"/> 
       		    
       		    <session-management invalid-session-url="/invalidSession"  session-authentication-error-url="/error"   />   
       		    
		    	<form-login login-page="/login"  default-target-url="/sucess" authentication-failure-url="/badcrediantial"    />
		    	<logout logout-url="/logout" logout-success-url="/login"   />		
		    	<access-denied-handler    error-page="/unauthorized" />  
<!-- 		    	<remember-me    key="myAppKey"  token-validity-seconds="604800" data-source-ref="dataSource"    /> -->
                 <remember-me    token-repository-ref="persistanceRememberMeServicesJdbc"    />
 			
           </http>
 <!-- enable method n -->
   <global-method-security secured-annotations="enabled" /> 
	
<authentication-manager   >
 <authentication-provider   ref="daoAuthenticationProvider"    /> 
<!--     <authentication-provider  user-service-ref="userDetailsService" > -->
<!--     <password-encoder hash="plaintext"  /> -->
<!--     <user-service id="userDetailsServiceFromXml"   > -->
<!--          <user name="jimi" password="d7e6351eaa13189a5a3641bab846c8e8c69ba39f" authorities="user, admin" /> -->
<!--          <user name="narender.rana+57@netsolutionsindia.com" password="QdAUWJeynir9hmdFVinkug==" authorities="user, admin" /> -->
<!--           <user name="abhishek" password="abhishek" authorities="user" /> -->
<!--           <user name="devinder" password="devinder" authorities="user" /> -->
<!--            <user name="narender" password="narender" authorities="user" /> -->
<!--            <user name="gagan" password="gagan" authorities="user" /> -->
<!--            <user name="richa" password="richa" authorities="user" /> --><!-- 	</beans:bean> -->

<!--            <user name="sid" password="sid" authorities="user" /> -->
<!--        </user-service> -->
<!-- 	<user-service id="userDetailsServiceFromProperties" properties="/WEB-INF/classes/user.properties"/> -->
    		  
<!--     		</authentication-provider> -->
	</authentication-manager>
	

     
 <beans:bean  id="providerManager" class="org.springframework.security.authentication.ProviderManager" >
      <beans:property name="providers" ref="daoAuthenticationProvider" />
 </beans:bean>
	
  <beans:bean id="daoAuthenticationProvider" class="org.springframework.security.authentication.dao.DaoAuthenticationProvider">
		<beans:property name="userDetailsService" ref="userDetailsService" />
		<beans:property name="passwordEncoder" ref="passwordEncoder" />
		<beans:property name="saltSource" ref="saltSource" />
  </beans:bean>
  
<!--   <beans:bean id="userDetailsService" class="org.springframework.security.core.userdetails.jdbc.JdbcDaoImpl"> -->
<!--     <beans:property name="dataSource" ref="dataSource"/> -->
<!--     <beans:property name="enableAuthorities" value="true"/>  -->
<!--     <beans:property name="usersByUsernameQuery" value="SELECT email as username,password ,1 as enabled from users where email = ?" /> -->
<!--     <beans:property name="authoritiesByUsernameQuery" falsevalue="SELECT us.email as username,role.role_name as authority from users us left join roles role on role.id =us.role_id where us.email = ?" /> -->
<!--   </beans:bean> -->
	 
  <beans:bean id="passwordEncoder" class="org.springframework.security.authentication.encoding.Md5PasswordEncoder" /> 
  
	<beans:bean id="saltSource" class="org.springframework.security.authentication.dao.ReflectionSaltSource" >
	     <beans:property name="userPropertyToUse" value="username"/>
	</beans:bean>
	
	<!-- customise remember me service token based remember me service -->
<!-- 	<beans:bean id="rememberMeFilter" class="org.springframework.security.web.authentication.rememberme.RememberMeAuthenticationFilter">
  		<beans:property name="rememberMeServices" ref="rememberMeServices"/>
  		<beans:property name="authenticationManager" ref="authenticationManager" />
	</beans:bean>

	<beans:bean id="rememberMeServices" class="org.springframework.security.web.authentication.rememberme.TokenBasedRememberMeServices">
  			<beans:property name="userDetailsService" ref="userDetailsService"/>
  			<beans:property name="key" value="mykey21212123232"/>rememberMeServices" 
	 </beans:bean>

	<beans:bean id="rememberMeAuthenticationProvider" class="org.springframework.security.authentication.rememberme.RememberMeAuthenticationProvider">
  		<beans:property name="key" value="mykey21212123232" />
	</beans:bean> -->
	
	
<!-- 	<beans:bean id="rememberMeFilter" class="org.springframework.security.web.authentication.rememberme.RememberMeAuthenticationFilter"> -->
<!--  <beans:property name="rememberMeServices" ref="remember" bean> -->
 
<!--   <beans:property name="authenticationManager" ref="authenticationManager" /> -->
<!-- 	</beans:bean> -->

<!-- <beans:bean id="rememberMeServices" class="org.springframework.security.web.authentication.rememberme.TokenBasedRememberMeServices"> -->
<!-- <beans:property name="userDetailsService" ref="userDetailsService"/> -->
<!--   <beans:property name="key" value="springRocks"/> -->
<!-- 	</beans:bean> -->

<!-- <beans:bean id="rememberMeAuthenticationProvider" class="org.springframework.security.authentication.rememberme.RememberMeAuthenticationProvider"> -->
<!--  <beans:property name="key" value="springRocks"/> -->
<!-- 	</beans:bean> -->
	
	
	<!--  -->
	<!-- customise remember me service .Persisitant tokepersistanceRememberMeServicesJdbcn based remember me service -->
<!--      <beans:bean id="persistanceRememberMeServices" class="org.springframework.security.web.authentication.rememberme.PersistentTokenBasedRememberMeServices"> -->
<!--   		<beans:property name="tokenRepository" ref="persistanceRememberMeServicesJdbc"/> -->
 	 
<!-- 	</beans:bean> -->
	  
<!--     <beans:bean id="persistanceRememberMeServicesInMem" class="org.springframework.security.web.authentication.rememberme.InMemoryTokenRepositoryImpl" />   -->
      
       <beans:bean id="persistanceRememberMeServicesJdbc" class="org.springframework.security.web.authentication.rememberme.JdbcTokenRepositoryImpl" >
       			 
       			<beans:property name="dataSource"    ref="dataSource" />
       			<beans:property name="createTableOnStartup"  value="false"/>
       			 
       </beans:bean>  
       

</beans:beans>