<!-- <beans xmlns="http://www.springframework.org/schema/beans" -->
<!-- 	xmlns:context="http://www.springframework.org/schema/context" -->
<!-- 	xmlns:xsi="http://www.w3.org/2001/XMLSchema-instance" -->
<!-- 	xsi:schemaLocation=" -->
<!--         http://www.springframework.org/schema/beans      -->
<!--         http://www.springframework.org/schema/beans/spring-beans-3.0.xsd -->
<!--         http://www.springframework.org/schema/context  -->
<!--         http://www.springframework.org/schema/context/spring-context-3.0.xsd"> -->
 
<beans xmlns="http://www.springframework.org/schema/beans"
    
	xmlns:xsi="http://www.w3.org/2001/XMLSchema-instance" 
	xmlns:context="http://www.springframework.org/schema/context"
	xmlns:mvc="http://www.springframework.org/schema/mvc"
	xmlns:aop="http://www.springframework.org/schema/aop"
	xmlns:p="http://www.springframework.org/schema/p" 
	xsi:schemaLocation="http://www.springframework.org/schema/beans
	http://www.springframework.org/schema/beans/spring-beans-3.0.xsd 
	http://www.springframework.org/schema/context
	http://www.springframework.org/schema/context/spring-context-3.0.xsd
	http://www.springframework.org/schema/mvc
	http://www.springframework.org/schema/mvc/spring-mvc-3.0.xsd
	http://www.springframework.org/schema/aop 
	http://www.springframework.org/schema/aop/spring-aop-3.0.xsd 
	">
	 
	 
 
	<context:component-scan base-package="com.netsole.springmvc.example" />
	<mvc:annotation-driven />
	<context:annotation-config />
	<aop:aspectj-autoproxy />
	
   <bean class="org.springframework.web.servlet.mvc.annotation.AnnotationMethodHandlerAdapter" />
<!-- 	<bean class="org.springframework.aop.aspectj.annotation.AnnotationAwareAspectJAutoProxyCreator" /> -->
     
<!--      <mvc:interceptors >     -->
       
 		 
<!--  		 <bean    -->
<!--           class="com.netsole.springmvc.example.interceptor.TimeBasedAccessInterceptor"> -->
<!--        			 <property name="openingTime" value="9"/> -->
<!--         			<property name="closingTime" value="18"/> -->
<!--     		</bean> -->
<!--        <bean    -->
<!--           class="com.netsole.springmvc.example.interceptor.TimeBasedAccessInterceptor1"> -->
<!--        			 <property name="openingTime" value="9"/> -->
<!--         			<property name="closingTime" value="18"/> -->
<!--     		</bean> -->
  
 		
<!--  			<mvc:interceptor > -->
 			   
 			
<!--   				<mvc:mapping path="/user/insert"/> -->
<!--   				<bean class="com.netsole.springmvc.example.interceptor.TimeBasedAccessInterceptor1" > -->
<!--   				 <property name="openingTime" value="9"/> -->
<!--         			<property name="closingTime" value="18"/> -->
<!--   				</bean> -->
<!--  				</mvc:interceptor> -->
 
<!-- 	</mvc:interceptors>   -->

<!-- 1)InternalResourceViewResolver view resolver -->
	<bean
		class="org.springframework.web.servlet.view.InternalResourceViewResolver">
		<property name="prefix">
			<value>/WEB-INF/jsp/</value>
		</property>
		<property name="suffix">
			<value>.jsp</value>
		</property>
<property name="order" value="2" />
	</bean>
	
<!-- 2)XmlViewResolver view resolver -->

<!-- <bean class="org.springframework.web.servlet.view.XmlViewResolver"> -->
<!-- 	   <property name="location"> -->
<!-- 		<value>classpath:spring-views.xml</value> -->
<!-- 	   </property> -->
<!-- 			<property name="order" value="3" /> -->
<!-- 	</bean> -->

<!-- 3)ResourceBundleViewResolver view resolver -->

<bean class="org.springframework.web.servlet.view.ResourceBundleViewResolver">
		<property name="basename" value="spring-views" />
        <property name="order" value="3" />
	</bean>

<!-- 4)ResourceBundleViewResolver view resolver -->
<bean id="viewResolver"
      class="org.springframework.web.servlet.view.UrlBasedViewResolver">
    <property name="prefix" value="/WEB-INF/jsp/" />
    <property name="suffix" value=".jsp"/>
    <property name="viewClass" value="org.springframework.web.servlet.view.JstlView"/>
    <property name="order" value="3" />
    
</bean>

 <!-- Declare a view resolver -->
		<bean class="org.springframework.web.servlet.view.ContentNegotiatingViewResolver">
		<property name="order" value="1" />
		<property name="mediaTypes">
			<map>
				<entry key="json" value="application/json" />
				<entry key="xml" value="application/xml" />
				<entry key="html" value="text/html" />
			</map>
		</property>

		<property name="defaultViews">
			<list>
				<bean class="org.springframework.web.servlet.view.json.MappingJacksonJsonView" />
				<bean class="org.springframework.web.servlet.view.xml.MarshallingView">
					<constructor-arg>
						<bean class="org.springframework.oxm.xstream.XStreamMarshaller"  p:autodetectAnnotations="true">
							<property name="aliases">
								<map>
									<entry key="list"    value="java.util.List" />
									<entry key="usermap" value="java.util.Map" />
									<entry key="hashSet" value="java.util.Set" />
									<entry key="map"     value="java.util.HashMap" />
									 
									
									 
								</map>
							</property>
							<property name="supportedClasses">
								<list>
									<value>java.util.List</value>
									<value>java.util.Map</value>
									<value>java.util.Set</value>
									<value>java.util.HashMap</value>
									 
									

								</list>
							</property>
						</bean>

					</constructor-arg>
				</bean>

			</list>
		</property>
		<property name="defaultContentType" ref="htmlMediaType" />
		<property name="ignoreAcceptHeader" value="true" />
	</bean>
	<bean id="htmlMediaType" class="org.springframework.http.MediaType">
		<constructor-arg value="text" />
		<constructor-arg value="html" />
	</bean>

	<bean id="jsonMediaType" class="org.springframework.http.MediaType">
		<constructor-arg value="application" />
		<constructor-arg value="json" />
	</bean>
	<bean id="xmlMediaType" class="org.springframework.http.MediaType">
		<constructor-arg value="application" />
		<constructor-arg value="xml" />
	</bean>
	
	
<!-- velocity configuration -->
	
	<!-- 
  This bean sets up the Velocity environment for us based on a root path for templates.
  Optionally, a properties file can be specified for more control over the Velocity
  environment, but the defaults are pretty sane for file based template loading.
-->
<bean id="velocityConfig" class="org.springframework.web.servlet.view.velocity.VelocityConfigurer">
  <property name="resourceLoaderPath" value="/WEB-INF/velocity/"/>
</bean>

<!-- 

  View resolvers can also be configured with ResourceBundles or XML files. If you need
  different view resolving based on Locale, you have to use the resource bundle resolver.

-->
<!-- <bean id="viewResolver" class="org.springframework.web.servlet.view.velocity.VelocityViewResolver"> -->
<!--   <property name="cache" value="true"/> -->
<!--   <property name="prefix" value=""/> -->
<!--   <property name="suffix" value=".vm"/> -->
<!--   <property name="exposeSpringMacroHelpers" value="true"/> -->
<!--   <property name="order" value="1" /> -->

<!-- </bean> -->
	
	<!-- end velocity config -->

	<!-- freemarker config -->
<bean id="freemarkerConfig" class="org.springframework.web.servlet.view.freemarker.FreeMarkerConfigurer">
  <property name="templateLoaderPath" value="/WEB-INF/freemarker/"/>
</bean>

<!-- 

  View resolvers can also be configured with ResourceBundles or XML files. If you need
  different view resolving based on Locale, you have to use the resource bundle resolver.

-->
<bean id="viewResolver1" class="org.springframework.web.servlet.view.freemarker.FreeMarkerViewResolver">
  <property name="cache" value="true"/>
  <property name="prefix" value=""/>
  <property name="suffix" value=".ftl"/>
  <property name="order" value="3" /> 
  <!-- if you want to use the Spring FreeMarker macros, set this property to true -->
  <property name="exposeSpringMacroHelpers" value="true"/>

</bean>
	
	
	
	
	
	
	
	<!-- handler examples -->
	<!-- 1)BeanNameUrlHandlerMapping -->
<!--    	<bean    -->
<!--   	class="org.springframework.web.servlet.handler.BeanNameUrlHandlerMapping"/>   -->

<!-- 2)ControllerClassNameHandlerMapping --> 
 <bean class="org.springframework.web.servlet.mvc.support.ControllerClassNameHandlerMapping" >
     <property name="caseSensitive" value="true" />  
 	 <property name="pathPrefix" value="/customer" />  
		<property name="order" value="3" />
   </bean>
  
  <!-- 3)SimpleUrlHandlerMapping -->
<!--   <bean class="org.springframework.web.servlet.handler.SimpleUrlHandlerMapping"> -->
<!-- 	   <property name="mappings"> -->
<!-- 		<props> -->
<!-- 		   <prop key="/*/welcome1.htm">welcomeController</prop> -->
<!-- 		   <prop key="/helloGuest1.htm">helloGuestController</prop> -->
<!-- 		 </props> -->
<!-- 	   </property> -->
<!-- 	    <property name="interceptors"> -->
<!--             <list> -->
<!--                 <ref bean="officeHoursInterceptor"/> -->
<!--             </list> -->
<!--         </property> -->
<!-- 	   <property name="order" value="4" /> -->
<!-- 	</bean> -->
  
  
<!--    <bean name="/user/streetName.htm"  -->
<!--         class="com.netsole.springmvc.example.controller.StreetNameController" /> -->
 
<!--    <bean name="/process*.htm"  -->
<!--         class="com.netsole.springmvc.example.controller.ProcessController" />   -->
<!--    <bean id="welcomeController" class="com.netsole.springmvc.example.controller.WelcomeController" /> -->
<!--   <bean id="helloGuestController" class="com.netsole.springmvc.example.controller.HelloGuestController" />  -->
  
 <!-- Controller --> 
  <!--1 Abstract controller-->
<!--   <bean id="welcomeController1" class="com.netsole.springmvc.example.controller.WelcomeController" > -->
  
<!--   </bean> -->
  <!--2 MultiActionController  -->
<!--    <bean id="customer" class="com.netsole.springmvc.example.controller.CustomerController" > -->
<!--    <property name="methodNameResolver"> -->
<!-- 	<bean class="org.springframework.web.servlet.mvc.multiaction.InternalPathMethodNameResolver"> -->
<!-- 	   <property name="prefix" value="test" /> -->
<!-- 	   <property name="suffix" value="Customer" /> -->
<!-- 	</bean> -->
<!-- 	<bean class="org.springframework.web.servlet.mvc.multiaction.PropertiesMethodNameResolver"> -->
<!--       <property name="mappings"> -->
<!-- 	<props> -->
<!-- 	   <prop key="/customer/a.htm">add</prop> -->
<!-- 	   <prop key="/customer/b.htm">update</prop> -->
<!-- 	   <prop key="/customer/c.htm">delete</prop> -->
<!-- 	   <prop key="/customer/d.htm">list</prop> -->
<!-- 	   <prop key="/customer/whatever.htm">add</prop> --> 
<!-- 	</props> -->
<!--        </property> -->
<!--      </bean> -->
     
<!--      <bean class="org.springframework.web.servlet.mvc.multiaction.ParameterMethodNameResolver"> -->
<!-- 	   <property name="paramName" value="action"/> -->
	      
<!-- 	</bean> -->
<!--      </property> -->
<!--    </bean> -->
   
       
     <bean class="org.springframework.context.support.ResourceBundleMessageSource"
		id="messageSource">
		<property name="basename" value="messages" />
	</bean>
     
     
 <!-- custom interceptor beans -->  
     
   <bean  id="officeHoursInterceptor"
          class="com.netsole.springmvc.example.interceptor.TimeBasedAccessInterceptor">
        <property name="openingTime" value="9"/>
        <property name="closingTime" value="18"/>
    </bean>
     
<!--  <bean id="validator" -->
<!--     class="org.springframework.validation.beanvalidation.LocalValidatorFactoryBean" /> -->
 
    <bean id="validator" class="org.springframework.validation.beanvalidation.LocalValidatorFactoryBean" /> 
     
   <import resource="applicationContext.xml"/> 
   <bean id="multipartResolver" class="org.springframework.web.multipart.commons.CommonsMultipartResolver">
        <!-- one of the properties available; the maximum file size in bytes -->
        <property name="maxUploadSize" value="100000"/>
    </bean>
    
    
	
</beans>