<beans xmlns="http://www.springframework.org/schema/beans"
	xmlns:xsi="http://www.w3.org/2001/XMLSchema-instance"
	xmlns:p="http://www.springframework.org/schema/p"
	xsi:schemaLocation="http://www.springframework.org/schema/beans 
	http://www.springframework.org/schema/beans/spring-beans-2.5.xsd">
 
<!-- 	<bean id="hello" class="org.springframework.web.servlet.view.JstlView"> -->
<!-- 		<property name="url" value="/WEB-INF/jsp/hello.jsp" /> -->
<!-- 	</bean> -->
<!-- 	<bean id="add" class="org.springframework.web.servlet.view.JstlView"> -->
<!-- 		<property name="url" value="/WEB-INF/jsp/add.jsp" /> -->
<!-- 	</bean> -->
<!--     <bean id="delete" class="org.springframework.web.servlet.view.JstlView"> -->
<!-- 		<property name="url" value="/WEB-INF/jsp/delete.jsp" /> -->
<!-- 	</bean> -->
<!-- 	<bean id="update" class="org.springframework.web.servlet.view.JstlView"> -->
<!-- 		<property name="url" value="/WEB-INF/jsp/update.jsp" /> -->
<!-- 	</bean> -->
<!-- 	<bean id="insert" class="org.springframework.web.servlet.view.JstlView"> -->
<!-- 		<property name="url" value="/WEB-INF/jsp/insert.jsp" /> -->
<!-- 	</bean> -->
	
	<bean id="pdfReport" class="org.springframework.web.servlet.view.jasperreports.JasperReportsPdfView"
		p:url="classpath:tree-template.jrxml"
		p:reportDataKey="datasource" />

	<bean id="xlsReport"
	   class="org.springframework.web.servlet.view.jasperreports.JasperReportsXlsView"
		p:url="classpath:tree-template.jrxml"
		p:reportDataKey="datasource" />
	
	<bean id="htmlReport"
	   class="org.springframework.web.servlet.view.jasperreports.JasperReportsHtmlView"
		p:url="classpath:tree-template.jrxml" 
		p:reportDataKey="datasource" />
	
	<bean id="csvReport"
	   class="org.springframework.web.servlet.view.jasperreports.JasperReportsCsvView"
		p:url="classpath:tree-template.jrxml"
		p:reportDataKey="datasource" />
	
	
</beans>